<keymap version="1" name="manny" parent="Mac OS X 10.5+">
  <action id="$Cut">
    <keyboard-shortcut first-keystroke="meta x" />
  </action>
  <action id="$Delete" />
  <action id="ActivateProjectToolWindow" />
  <action id="Back">
    <keyboard-shortcut first-keystroke="meta open_bracket" />
    <mouse-shortcut keystroke="button4" />
  </action>
  <action id="CWMHostShowPopupAction" />
  <action id="CloseActiveTab">
    <keyboard-shortcut first-keystroke="meta w" />
  </action>
  <action id="CollapsiblePanel-toggle" />
  <action id="CommentByBlockComment">
    <keyboard-shortcut first-keystroke="meta alt slash" />
    <keyboard-shortcut first-keystroke="meta alt divide" />
    <keyboard-shortcut first-keystroke="shift ctrl slash" />
    <keyboard-shortcut first-keystroke="shift ctrl divide" />
  </action>
  <action id="CommittedChanges.Details">
    <keyboard-shortcut first-keystroke="meta y" />
  </action>
  <action id="CompareTwoFiles" />
  <action id="Console.TableResult.ColumnVisibility" />
  <action id="Console.TableResult.DeleteColumns" />
  <action id="Console.TableResult.Reload" />
  <action id="CopyContentRootPath">
    <keyboard-shortcut first-keystroke="alt p" />
  </action>
  <action id="CopyFileName">
    <keyboard-shortcut first-keystroke="alt dead_tilde" />
  </action>
  <action id="CopyPaths" />
  <action id="CopyReference" />
  <action id="DatabaseView.PropertiesAction" />
  <action id="Diff.ShowDiff" />
  <action id="EditorCut">
    <keyboard-shortcut first-keystroke="meta x" />
  </action>
  <action id="EditorCutLineEnd" />
  <action id="EditorDelete" />
  <action id="EditorDeleteLine" />
  <action id="EditorDeleteToWordEnd" />
  <action id="EditorDeleteToWordStart" />
  <action id="EditorDuplicate" />
  <action id="EditorLineEnd">
    <keyboard-shortcut first-keystroke="end" />
    <keyboard-shortcut first-keystroke="ctrl e" />
  </action>
  <action id="EditorLineStart">
    <keyboard-shortcut first-keystroke="home" />
    <keyboard-shortcut first-keystroke="ctrl a" />
  </action>
  <action id="EditorPasteSimple" />
  <action id="EditorStartNewLine" />
  <action id="EditorStartNewLineBefore" />
  <action id="FileChooser.GotoDesktop" />
  <action id="FocusEditor" />
  <action id="Forward">
    <keyboard-shortcut first-keystroke="meta close_bracket" />
    <mouse-shortcut keystroke="button5" />
  </action>
  <action id="Git.Rename.Local.Branch" />
  <action id="Github.PullRequest.Comments.Reload" />
  <action id="Github.PullRequest.Details.Reload" />
  <action id="NavBar-selectHome">
    <keyboard-shortcut first-keystroke="home" />
    <keyboard-shortcut first-keystroke="ctrl a" />
  </action>
  <action id="NewElement">
    <keyboard-shortcut first-keystroke="meta n" />
  </action>
  <action id="NewScratchFile" />
  <action id="NextTab" />
  <action id="OpenInRightSplit" />
  <action id="PasteMultiple" />
  <action id="PreviousTab" />
  <action id="QuickImplementations">
    <keyboard-shortcut first-keystroke="alt space" />
  </action>
  <action id="QuickPreview" />
  <action id="Refresh" />
  <action id="RenameElement">
    <keyboard-shortcut first-keystroke="meta r" />
  </action>
  <action id="Replace" />
  <action id="Rerun" />
  <action id="RunDashboard.CopyConfiguration" />
  <action id="SafeDelete">
    <keyboard-shortcut first-keystroke="meta d" />
  </action>
  <action id="SendEOF" />
  <action id="SplitChooser.SplitCenter" />
  <action id="Svn.RefreshWorkingCopies" />
  <action id="Terminal.RenameSession">
    <keyboard-shortcut first-keystroke="meta r" />
  </action>
  <action id="Terminal.Share">
    <keyboard-shortcut first-keystroke="meta alt s" />
  </action>
  <action id="TerminalNewSession">
    <keyboard-shortcut first-keystroke="meta t" />
  </action>
  <action id="Tree-selectChild">
    <keyboard-shortcut first-keystroke="right" />
  </action>
  <action id="Tree-selectChildExtendSelection" />
  <action id="Tree-selectParent">
    <keyboard-shortcut first-keystroke="left" />
  </action>
  <action id="Vcs.Log.Refresh" />
  <action id="Vcs.UpdateProject" />
  <action id="ViewInplaceComments">
    <keyboard-shortcut first-keystroke="meta i" />
  </action>
  <action id="XDebugger.CopyName">
    <keyboard-shortcut first-keystroke="alt n" />
  </action>
  <action id="XDebugger.CopyWatch" />
  <action id="openAssertEqualsDiff" />
  <action id="org.intellij.plugins.markdown.ui.actions.styling.ToggleBoldAction" />
  <action id="org.intellij.plugins.markdown.ui.actions.styling.ToggleItalicAction" />
  <action id="org.intellij.plugins.markdown.ui.actions.styling.ToggleStrikethroughAction" />
</keymap>