<keymap version="1" name="manny" parent="Mac OS X 10.5+">
  <action id="ActivateProjectToolWindow">
    <keyboard-shortcut first-keystroke="meta t" />
  </action>
  <action id="Back">
    <keyboard-shortcut first-keystroke="meta open_bracket" />
    <mouse-shortcut keystroke="button4" />
  </action>
  <action id="CWMHostShowPopupAction">
    <keyboard-shortcut first-keystroke="meta i" />
  </action>
  <action id="CloseActiveTab">
    <keyboard-shortcut first-keystroke="meta w" />
  </action>
  <action id="CollapsiblePanel-toggle" />
  <action id="CommentByBlockComment">
    <keyboard-shortcut first-keystroke="meta alt slash" />
    <keyboard-shortcut first-keystroke="meta alt divide" />
    <keyboard-shortcut first-keystroke="shift ctrl slash" />
    <keyboard-shortcut first-keystroke="shift ctrl divide" />
  </action>
  <action id="CompareTwoFiles" />
  <action id="Console.TableResult.ColumnVisibility" />
  <action id="Console.TableResult.Reload" />
  <action id="CopyContentRootPath">
    <keyboard-shortcut first-keystroke="alt p" />
  </action>
  <action id="CopyFileName">
    <keyboard-shortcut first-keystroke="alt dead_tilde" />
  </action>
  <action id="DatabaseView.PropertiesAction" />
  <action id="Diff.ShowDiff" />
  <action id="EditorDelete">
    <keyboard-shortcut first-keystroke="meta d" />
  </action>
  <action id="EditorDuplicate" />
  <action id="EditorLineEnd">
    <keyboard-shortcut first-keystroke="end" />
    <keyboard-shortcut first-keystroke="ctrl e" />
  </action>
  <action id="EditorLineStart">
    <keyboard-shortcut first-keystroke="home" />
    <keyboard-shortcut first-keystroke="ctrl a" />
  </action>
  <action id="FileChooser.GotoDesktop" />
  <action id="Forward">
    <keyboard-shortcut first-keystroke="meta close_bracket" />
    <mouse-shortcut keystroke="button5" />
  </action>
  <action id="Github.PullRequest.Comments.Reload" />
  <action id="Github.PullRequest.Details.Reload" />
  <action id="NavBar-selectHome">
    <keyboard-shortcut first-keystroke="home" />
    <keyboard-shortcut first-keystroke="ctrl a" />
  </action>
  <action id="NextTab">
    <keyboard-shortcut first-keystroke="meta right" />
  </action>
  <action id="PreviousTab">
    <keyboard-shortcut first-keystroke="meta left" />
  </action>
  <action id="QuickPreview" />
  <action id="Refresh" />
  <action id="RenameElement">
    <keyboard-shortcut first-keystroke="meta r" />
  </action>
  <action id="Replace" />
  <action id="Rerun" />
  <action id="RunDashboard.CopyConfiguration" />
  <action id="SendEOF" />
  <action id="SplitChooser.SplitCenter" />
  <action id="Svn.RefreshWorkingCopies" />
  <action id="Terminal.RenameSession">
    <keyboard-shortcut first-keystroke="meta r" />
  </action>
  <action id="Terminal.Share">
    <keyboard-shortcut first-keystroke="meta alt s" />
  </action>
  <action id="TerminalNewSession">
    <keyboard-shortcut first-keystroke="meta t" />
  </action>
  <action id="Vcs.Log.Refresh" />
  <action id="Vcs.UpdateProject" />
  <action id="XDebugger.CopyWatch" />
  <action id="openAssertEqualsDiff" />
  <action id="org.intellij.plugins.markdown.ui.actions.styling.ToggleItalicAction" />
</keymap>