<application>
  <component name="AtomFileIconsConfig">
    <option name="enabledDirectories" value="false" />
    <option name="themedColorEnabled" value="true" />
    <option name="isEnabledDirectories" value="false" />
    <option name="monochromeColor" value="546e7a" />
    <option name="accentColor" value="d40000" />
    <option name="isThemedColorEnabled" value="true" />
    <option name="themedColor" value="606366" />
    <option name="hasCustomIconSize" value="true" />
    <option name="hasCustomLineHeight" value="true" />
    <option name="customIconSize" value="14" />
    <option name="customLineHeight" value="26" />
  </component>
</application>