<application>
  <component name="UISettings">
    <option name="EDITOR_TAB_LIMIT" value="100" />
    <option name="EDITOR_TAB_PLACEMENT" value="0" />
    <option name="FULL_PATHS_IN_TITLE_BAR" value="true" />
    <option name="HIDE_TOOL_STRIPES" value="true" />
    <option name="OVERRIDE_NONIDEA_LAF_FONTS" value="true" />
    <option name="SCROLL_TAB_LAYOUT_IN_EDITOR" value="false" />
    <option name="SHOW_NAVIGATION_BAR_MEMBERS" value="false" />
    <option name="SHOW_TOOL_WINDOW_NUMBERS" value="true" />
  </component>
</application>