<application>
  <component name="GitRememberedInputs">
    <option name="visitedUrls">
      <list>
        <UrlAndUserName>
          <option name="url" value="http://gitlab.apps.drw-dev.de" />
          <option name="userName" value="manuel.fay" />
        </UrlAndUserName>
      </list>
    </option>
  </component>
  <component name="VcsApplicationSettings">
    <option name="SHOW_LST_ERROR_STRIPE_MARKERS" value="false" />
    <option name="COMMIT_FROM_LOCAL_CHANGES" value="true" />
  </component>
</application>